178869,и,не
168796,и,в
89347,не,было
88764,что,он
85337,в,том
77416,не,только
76555,может,быть
76510,что,в
74377,потому,что
74346,у,меня
72765,я,не
72143,у,него
71245,что,я
69423,у,нас
68319,и,на
66091,в,этом
66015,ничего,не
64085,о,том
63058,с,ним
62988,и,с
61243,так,и
56646,но,и
52175,и,я
52144,и,все
51363,как,бы
50709,он,не
48618,что,это
46280,не,в
45976,к,нему
45913,никогда,не
45804,как,и
45448,не,может
42719,еще,не
42699,а,не
42529,вместе,с
41770,что,не
41465,не,мог
41099,а,в
40820,и,даже
40051,из,них
39825,так,как
39497,об,этом
39204,на,него
39094,все,это
38399,и,что
38162,Я,не
38063,уже,не
37456,то,есть
37050,и,он
36343,что,она
35537,в,нем
35276,а,также
34849,в,его
34835,ко,мне
34167,это,не
33984,как,в
33471,как,будто
33363,что,у
33314,но,не
33188,и,т
33014,так,же
32901,если,бы
32878,то,же
31592,и,его
31172,в,то
30964,он,был
30486,да,и
30405,во,время
30381,и,по
30287,что,они
30061,у,них
29969,а,потом
29884,в,Москве
29220,его,в
28804,что,и
28595,сказал,он
28282,самом,деле
28197,было,бы
28121,на,меня
28071,не,могу
27883,никто,не
27718,только,в
27186,в,России
27123,не,знаю
26582,к,себе
26421,можно,было
26078,один,из
25961,у,вас
25756,и,так
25420,то,и
25394,все,же
25353,и,как
25158,в,ней
25140,это,было
24943,в,котором
24745,т.,е
24699,не,менее
24662,что,мы
24648,у,нее
24572,не,будет
24545,с,тем
24464,с,ними
24462,тут,же
24459,что,все
24411,к,тому
24350,сих,пор
24239,И,вот
23910,при,этом
23772,не,так
23752,для,того
23389,а,я
23340,все,равно
23317,А,я
23314,как,он
23238,на,то
23090,к,ней
23018,что,вы
22812,т.,д
22702,что,на
22646,У,меня
22577,это,время
22399,не,то
22382,в,конце
22298,я,и
22220,он,и
22214,в,самом
22173,даже,не
21938,о,чем
21880,со,мной
21778,бы,не
21711,в,этой
21565,и,то
21189,как,я
21161,она,не
21156,что,же
21099,что,ты
21034,до,сих
20982,несмотря,на
20944,ни,в
20907,для,меня
20878,А,что
20842,от,него
20786,и,мы
20664,но,в
20634,с,ней
20562,то,время
20432,в,течение
20324,в,сторону
20172,хотя,бы
20140,так,что
20010,и,к
19929,в,них
19603,на,себя
19533,а,на
19528,в,себе
19525,в,чем
19506,в,жизни
19428,и,о
19397,Может,быть
19339,том,числе
19219,в,своем
19153,и,для
19140,мы,не
19124,когда,он
19113,только,что
19011,Что,же
18954,на,них
18917,меня,в
18880,мы,с
18804,на,его
18801,как,это
18778,когда,я
18775,прежде,всего
18773,к,нам
18751,и,это
18746,и,у
18676,В,этом
18622,как,раз
18592,как,на
18556,у,тебя
18430,они,не
18370,Российской,Федерации
18291,Да,и
18255,в,Москву
18002,чтобы,не
17858,и,только
17821,вовсе,не
17788,и,за
17784,А,вот
17774,и,от
17718,в,своей
17711,его,не
17706,был,в
17696,в,качестве
17691,рядом,с
17672,должно,быть
17667,и,еще
17502,не,знал
17495,с,вами
17465,и,она
17438,во,всех
17301,на,нее
17298,а,то
17168,никак,не
17098,в,которой
17086,в,это
17083,в,руках
16950,У,нас
16949,же,время
16933,и,другие
16925,Таким,образом
16905,и,без
16813,за,ним
16793,и,сам
16780,я,в
16754,к,ним
16752,все,время
16747,тех,пор
16741,совсем,не
16726,с,этим
16715,что,с
16694,И,в
16647,для,него
16586,не,был
16575,в,виде
16565,он,в
16548,на,это
16372,с,тобой
16341,еще,в
16338,хотя,и
16295,но,я
16256,Кроме,того
16171,со,стороны
16158,Он,был
16079,и,сказал
16015,При,этом
15990,в,одном
15986,с,собой
15930,связи,с
15900,должен,был
15897,не,надо
15886,крайней,мере
15824,еще,и
15705,тот,же
15700,во,всем
15617,их,в
15600,как,у
15459,что,его
15457,на,этот
15442,тому,же
15436,его,и
15264,что,ли
15261,И,я
15186,Но,я
15181,если,не
15120,А,в
15098,и,потому
15046,в,свою
15040,в,этот
15035,тем,более
14993,на,все
14932,друг,друга
14931,в,мире
14911,уже,в
14868,Он,не
14862,Но,в
14776,ее,в
14762,а,он
14738,Если,бы
14703,вы,не
14685,не,на
14647,за,то
14645,до,того
14624,А,ты
14574,меня,не
14522,Так,что
14501,как,же
14500,было,в
14459,И,не
14424,и,есть
14413,ты,не
14382,до,конца
14343,и,они
14318,И,все
14088,пока,не
14074,в,ее
13952,я,был
13928,себя,в
13884,ни,на
13802,надо,было
13794,этого,не
13791,с,его
13779,на,самом
13742,о,нем
13734,еще,раз
